timeout_sec,http2MaxRequests,http1MaxPendingRequests,retry_attempts,consecutive5xxErrors,reward,latency_p99_ms,latency_spread,error_rate_5xx,envoy_cpu_cores,rps_user,success_rate
1.0,129,353,0,10,0.7678437189988043,6999.080588678462,6807.520457602816,0.0,1.3970302131335226,435.9259570382815,0.452009517960328
1.0,500,50,0,3,0.8269899199709332,4592.432117880328,4329.785825656692,0.0,1.086673375447967,462.79379064837406,0.44719103041717245
1.99,106,104,0,10,0.8433020390267684,4642.016606206507,4340.62035328724,0.0002444822577814433,0.9536734912871649,490.83316347346107,0.45204128945894195
1.0,500,425,0,1,0.8059284259096287,4613.497822931784,4240.841572931784,0.00016194331983805668,1.2571040595545084,494.0,0.448502024291498
1.91,286,50,0,1,0.8764340737397454,4620.020154351177,4279.893503549143,8.500624027409602e-05,0.691693609004812,470.5725125005,0.4498469744864583
1.0,100,50,0,1,0.8680930892756926,4380.88267690829,4087.2413198467757,8.718167364221187e-05,0.7728101225553394,458.7936706531739,0.4497820308206466
1.89,500,202,0,1,0.8175119807143271,3200.320568827784,2996.724940739586,0.000180043283510428,1.2529758840661165,444.3198244791037,0.45039605525221266
1.0,256,500,0,5,0.835651597020047,2366.137067010992,2265.0524190887236,0.0004930493655830858,1.1594281422384674,405.64538581543263,0.4506458776287188
1.0,216,376,2,8,0.8513482529494533,1983.8935473229692,1907.5319534775726,0.0003250575267221787,1.0588496779909107,369.155580976761,0.45151152703415176
3.0,500,50,0,7,0.8161137129518281,971.1887112554967,941.0360859773436,0.0001292972609819052,1.407090875288984,309.3646353854154,0.45190076464441986
1.0,500,50,5,1,0.8010603035553436,834.0643274853808,814.6649768360301,0.0,1.5365599280798699,285.76,0.449468085106383
1.0,500,235,0,1,0.8218274737037152,692.4599190311338,680.2468416074697,0.00023068287880974978,1.3791619525913716,346.810308024642,0.45121108788205644
1.31,100,260,0,1,0.7927515281426192,941.5215809770433,922.3435397561105,0.00028085315187129507,1.5952972311975329,427.29234018721496,0.4489796422770132
1.0,100,129,5,1,0.8254699889791943,1800.1168176190954,1741.931988757732,0.0,1.2781717946205509,508.91300507979685,0.44957950345536946
1.53,245,50,5,8,0.8637039066409313,2252.884109300191,2163.4248511950304,7.185038797844406e-05,0.9430147474134183,556.7123731050758,0.44841212984796597
1.0,254,130,0,1,0.8179310377082454,2366.045265464256,2230.7703071130936,0.0002030044358778015,1.3029185037097035,591.1122067117316,0.4506022164943597
1.0,365,195,0,1,0.7914516818877196,2480.2151859058013,2295.45267222596,0.00013165006916631132,1.5089343161555189,607.6715379384825,0.4508293508081594
3.0,323,500,0,1,0.7603695412021177,3514.5752895752794,3313.214588468268,0.0,1.6894506744482733,618.76,0.45051393108798243
1.0,100,50,0,1,0.7753836766418336,3464.1196126908053,3246.1661404226634,0.0,1.5732543950948812,624.6142270927489,0.4510758679046422
1.0,100,50,0,1,0.7746155742742955,3806.8327974276654,3620.1296575608717,6.767731456415808e-05,1.5553746360102232,591.0400000000001,0.44903898213318894
3.0,500,363,4,3,0.8081236382162997,2439.359045504995,2278.7094986772004,6.832001093120175e-05,1.3776053027750002,585.48,0.45098039215686275
3.0,213,500,0,1,0.8345224997940857,2324.0672177349893,2224.7233125032035,0.00014310630304359247,1.1719074380332877,559.0249926002961,0.45191759297865675
1.0,138,50,0,10,0.8093386240874781,2127.066868422406,2046.1560147530686,0.0002400830018795426,1.385703411857233,499.84713308532343,0.4499039671193588
1.0,100,500,1,10,0.8186758071585334,995.5995261053008,958.11458267602,0.0,1.3854697391056894,426.7424715723954,0.45149498389482795
2.25,100,500,4,6,0.8552163676999416,838.5765406195477,827.4541555513333,0.0,1.1027347018614386,348.0853481896247,0.44805782389959825
1.31,100,50,0,2,0.8419959916168918,422.8611111111102,416.2200496585962,0.00012467273407305821,1.2358133495710635,320.84000000000003,0.4523126792170552
1.0,100,149,0,10,0.8300757984923219,568.0978260869541,560.441098258208,0.00011500862564692352,1.3215456306652915,347.8,0.45278895917193795
1.0,100,50,0,10,0.8259727216600177,930.8695279066604,908.1355359918882,9.562838540894835e-05,1.3307268011524225,418.28584503380137,0.45012912184582593
1.0,100,54,2,1,0.8691610357979347,2081.5952749786366,2010.02219282776,0.00017190767133908977,0.909980649346965,465.3660850434017,0.44808321794629447
1.0,100,121,2,3,0.7968237636325085,2287.1541209262114,2195.189406345275,0.0001460085581303602,1.475706422914622,547.913088276469,0.4488976324660614
3.0,100,355,5,1,0.7659268759664314,2405.317679558012,2278.467679558012,0.0,1.7164588136313486,582.0,0.4463917525773196
1.0,100,50,0,3,0.8204773463396533,2861.9393279103015,2681.8976762009283,0.0,1.2513866624790664,595.8395414218872,0.45166481908477435
1.0,226,110,1,1,0.771302907659293,3879.401163837965,3665.4216373659706,0.0001340538974317905,1.5778145375573287,596.7748907912634,0.4505663946087917
1.0,100,54,0,1,0.7539407734816338,4000.7316984457566,3788.671095176556,6.688152397485546e-05,1.7086932893115694,598.072496300148,0.45070891606501695
1.0,189,50,0,10,0.7997448742956165,3997.4568184407626,3800.835874622214,0.00015511033491581182,1.3417876951964713,581.0321299148034,0.4494864442946603
1.68,100,50,5,8,0.864522406620404,2489.9267806971516,2355.6860032650034,7.163867339048903e-05,0.9221570435579155,558.3576315263052,0.4504942301776801
1.0,100,50,0,1,0.8302160505289591,2373.634533853273,2279.1113640776957,0.00014931645194507317,1.202881432933405,535.774852388191,0.4505002791037359
3.0,235,50,3,1,0.8363806698252998,2062.9627184775245,1984.2584105603542,8.294843407407933e-05,1.173881373561525,482.2465970638825,0.4492369070882015
2.53,500,50,0,1,0.8490522185477614,973.1455581714179,940.4652151632791,0.0,1.1437952258400856,404.57060682427294,0.4519478031959428
2.5,288,95,0,8,0.8556850132032866,686.7053973581411,677.3408920762249,0.0,1.1090516847258949,342.955624175033,0.44903194356184534
1.0,500,499,0,10,0.9269593562670937,438.66401162467093,432.35555040861186,0.0,0.5552911644621414,321.00070754316914,0.4504672792204678
1.0,100,500,0,10,0.8349487923052283,870.8851674641126,862.9129035960466,0.0,1.262616392522835,350.04,0.44886298708719
2.7,500,50,5,3,0.8568526207954575,985.0811688311685,955.9955657183281,0.0,1.080476475818023,431.72,0.4485314555730566
2.74,100,50,0,1,0.8770876678401134,2065.212069545787,1995.0960789284095,7.979681988878523e-05,0.847795458690175,501.27310907563697,0.4504468307526877
1.0,100,500,0,9,0.8186668319420584,2272.365771812082,2177.9686250104255,7.165890361877462e-05,1.302177546762212,558.2,0.45145109279828016
1.0,162,50,0,1,0.8179096053116962,2454.5315400812347,2321.6751740737495,0.00013842933886025943,1.2972394083568772,577.9352902116084,0.44940476602468277
1.0,100,50,5,1,0.7888492465602158,3444.747899159651,3250.691637816638,6.781959986436079e-05,1.465889070419335,589.8,0.45066124109867756
1.0,288,474,0,1,0.789851244289504,3813.638959216715,3608.920894522216,0.00026011170940243354,1.4332511604738656,614.1523011079557,0.4487429499852058
1.0,100,50,5,8,0.78301744293506,3803.0602799310263,3595.6042481679174,0.0001321677839756415,1.4889739700149367,605.2791206572786,0.4494448749528133
1.0,100,500,0,1,0.7991623763159765,3105.484693877565,2907.607981548798,6.758583400919169e-05,1.4061293952899567,591.84,0.45221681535550146
2.93,100,50,0,1,0.8173299894689182,2462.0326931556874,2328.5897904878366,0.0,1.301672668127203,573.0880387215489,0.45292109311071177
2.52,245,50,3,10,0.8674767060378543,2323.320683516821,2226.976131586891,7.524916046345718e-05,0.9083592928727814,531.5673922956918,0.45172699532341776
1.06,500,50,0,10,0.7605399935265451,2097.3626367486368,2024.319066833047,8.433945690551121e-05,1.778121982754438,474.2738626454942,0.4507042452601797
1.89,100,50,2,1,0.8097352025093622,997.0689030287925,965.6785859101174,0.0,1.4566934636271387,391.30490898179636,0.4499078805081805
1.0,100,69,0,7,0.8716946486184425,768.8999999999974,759.7416252072942,0.00012056908608632747,0.975246952040044,331.76,0.45213407282372803
3.0,498,237,0,1,0.8272613585601067,450.47897196261647,443.9513857557199,0.00012822156686754713,1.3518383431281333,311.96,0.4526221310424413
1.0,100,358,1,2,0.857666015928276,837.4146359966767,827.8369640853574,0.0,1.0831634859043915,349.6446849873995,0.4523509599182245
1.06,100,173,0,1,0.8536159325334861,986.4808297759364,956.7576099574329,0.0,1.1062979250743326,437.07438262469503,0.44806440982643625
1.0,100,50,3,1,0.8115806320803349,2114.3352504637505,2037.356048874675,0.00015868857624937085,1.3686478562268747,504.15223337995195,0.4460488244012577
1.3,100,50,0,1,0.7799386153400636,2311.9759736656656,2212.7990814943455,0.00014524929230641206,1.609374743522878,550.7992421693428,0.4497458538265131
1.0,500,50,0,1,0.7773119488015626,2432.3272477370647,2283.6444422861045,0.0,1.6243053532533935,577.1118787248511,0.44843357429779085
1.41,100,500,4,1,0.7783107274413716,3716.2977759757705,3514.700187539581,0.0,1.532480915018516,586.7911584015077,0.44928426773882557
3.0,400,50,5,1,0.7904456859680737,3352.24358974358,3125.810353168834,6.528693608408958e-05,1.4603688069528276,612.68,0.4510674414049749
1.0,100,50,0,1,0.8414834872237259,4131.102803691802,3919.2143354437103,6.806053702725709e-05,0.9996520764982878,587.735592623705,0.4512353031029191
1.55,462,500,2,2,0.8223681008661291,3857.61642755698,3675.5082722501284,0.0,1.1699510364107304,577.3274178967158,0.45188111433320066
1.0,306,500,0,1,0.814773078683235,2466.9041769041755,2331.533628299748,7.021485746383934e-05,1.3217270139790604,569.6800000000001,0.4507793849178486
1.0,500,500,0,1,0.8200728574297631,2325.2171016869333,2230.590842306818,0.0002240671766022205,1.2871087414088982,535.5608165538573,0.45059384329429353
3.0,396,191,0,1,0.8162320100282712,2080.3797632969327,2006.513751688427,8.34073357538892e-05,1.3337473212694777,479.5741242476366,0.45079232732203134
1.0,100,500,0,1,0.8358974072404093,959.876977152899,930.7647056124291,0.0003012350637614218,1.2491968825236923,398.36,0.4509488904508484
1.64,208,500,4,1,0.878168529329465,733.6581402747166,725.0773607149237,0.00011903178548635283,0.9257891850936526,336.0446945877835,0.4513748156939288
1.0,481,50,2,1,0.9344556655361668,464.47148866904274,457.87713511777736,0.0,0.4936097215844388,318.5157777688893,0.44995596350345496
1.0,100,150,0,5,0.8661863505707343,611.1314359717854,601.3364475204716,0.0,1.0300935993177165,366.5552401903924,0.44969443405127735
1.0,500,90,1,1,0.8359057832685527,972.9110407459286,941.1982782309917,0.0,1.2489500898856807,437.3826187588286,0.4491083716991384
1.0,500,50,0,1,0.8003941106683152,2093.6267359101826,2018.3027071267968,0.0,1.459782799885579,509.2468002720109,0.4479616563123311
2.84,100,281,0,3,0.7880713706035459,2331.391484561761,2236.8889032145285,0.0,1.5431530222457568,557.2251465589635,0.44824841459803777
2.13,100,50,0,2,0.7692637290323007,2438.8351273097796,2291.5682123162487,0.00013779883011193737,1.6879344587605039,580.5680643225729,0.4480501965758918
1.0,100,80,2,10,0.7678126651566698,3690.569395017793,3515.287440130575,6.739906989283548e-05,1.6171686527685767,593.48,0.45076497944328364
1.0,100,50,0,1,0.7513271736811112,3933.00835654597,3718.1548000606144,0.0,1.7343438386642245,611.76,0.4497255387422019
1.0,500,50,0,9,0.7958990322825621,4082.049308638915,3880.6601016600894,0.0,1.3673840947295357,594.5443276537877,0.45209899559424066
3.0,100,113,0,1,0.8016175759688202,3694.5272949323717,3522.0972428307323,6.886196211084342e-05,1.3463675170664469,580.8722083116676,0.4501445646733557
3.0,100,50,5,5,0.8020563834932202,2447.9263764561615,2336.387890967599,0.00028536403071830786,1.4235010617453434,560.6649158033679,0.45059569156416185
2.95,100,252,0,1,0.811689789803344,2301.5019554893643,2210.6939410343452,0.0002302423329029878,1.3556146670233178,521.335967618131,0.45081319396621283
1.0,100,354,3,1,0.7822611973438712,2006.8481280197602,1945.6455020937613,0.0,1.6101606335785794,460.9660514420577,0.4494966608925673
1.03,471,50,0,5,0.830326573917658,940.0757699193128,915.8184528543061,0.0,1.295524267899616,388.50966121355145,0.4502213418322566
1.0,100,500,4,1,0.8637320030559018,765.0327388608524,756.8812285662272,0.00012444487741001208,1.0391646202170628,321.4403107345925,0.45022400525869655
1.62,100,50,0,1,0.8687844057786684,560.5620901999317,553.9035154049014,0.0,1.0125759002504924,321.52020033516834,0.45110722872226156
1.0,500,50,5,10,0.8812149161616558,807.0491841502285,794.8462835369177,0.00010788791732656908,0.896668379282529,370.75514099436026,0.453446991556149
1.0,443,50,0,5,0.9366986760967987,996.0701147506162,952.1394395463192,8.884695281126169e-05,0.4412925788434235,450.1943938242471,0.4498444860253712
1.0,411,50,0,1,0.8439335079437513,2165.796362080747,2084.550343506177,7.821560148853497e-05,1.1066972817274483,511.40692187687506,0.44919830353836415
2.14,100,50,0,5,0.8502976271839211,2329.260642885886,2231.478661965761,0.0001422310794382852,1.0453098768746993,562.4874706988279,0.45128708843584614
1.0,100,50,0,6,0.8279028286508308,2455.852217765336,2295.8515334257654,6.770672285171725e-05,1.2182518323079472,590.7360240071799,0.44871015876412224
1.0,100,50,4,1,0.785171566970745,3874.6212121212147,3694.284954811273,0.00013353809174066904,1.466063515819476,599.08,0.44928890966148083
3.0,100,210,2,7,0.833356112602597,4087.776378092218,3890.8824456347966,0.0,1.067195805054991,615.4334449586488,0.4517387356784461
2.58,100,500,0,1,0.7697859293772195,3964.021200299063,3769.957236332933,0.00013280295482497354,1.5836476778515276,602.4082835313412,0.45385124943399247
1.0,184,500,2,5,0.7701694093867075,3526.130715216896,3366.849789149986,6.947724557814254e-05,1.608739753602954,575.7280627225089,0.45084417201802285
2.1,500,271,0,1,0.7734394980783083,2417.024574785195,2306.9767409989995,0.0001427265076555636,1.654731851832083,560.5125586976521,0.4495111844038867
3.0,100,392,0,8,0.7576945626281512,2278.7504262320035,2190.424718192775,0.0,1.7894709941606315,528.4330050797969,0.4518204325462016
1.33,100,500,0,3,0.7624010540173961,2019.7896172514234,1967.195382462432,0.00017539132995773215,1.7675412852104542,456.1137676489541,0.45110934147855963
2.28,100,50,0,7,0.8516068960151735,952.4649859943961,931.6978627067249,0.0003084832904884319,1.123722437007598,389.0,0.4503856041131105
2.3,100,500,0,7,0.852009091748061,754.8467428621665,746.9965866043824,0.0002494992450703029,1.1333668232098189,320.63584016639334,0.44960082815326713
2.41,459,62,0,10,0.8599305614757007,796.2580645161268,789.8146943503809,0.0002564102564102564,1.0671735957193573,312.0,0.4511538461538461
2.97,100,316,0,3,0.8030567805886853,809.7835497835504,797.6646686646693,0.0,1.52196414800891,379.16,0.450785947884798
1.0,370,191,0,1,0.7856289318393337,1326.4084507042105,1287.5713860275937,8.858965272856131e-05,1.6276587047554798,451.52,0.44879518072289154
3.0,100,468,0,1,0.843913800333794,2207.246153846152,2126.656393638764,7.748934521503293e-05,1.10407120038972,516.2,0.4475784579620302
1.0,100,500,4,7,0.7644454962920306,2370.728226709314,2277.0198679844584,0.00021462312226658409,1.7290818469294296,559.1047180225582,0.4457002985597519
1.0,414,50,0,4,0.7807380260255593,2450.246111373028,2305.4472233141,6.816532793597674e-05,1.5954363499834157,586.8085903961233,0.4513975975492258
1.0,100,337,5,3,0.7915896912702427,3175.2369668246374,2980.8922255892453,0.00012949174490126252,1.461819179934459,617.8000000000001,0.4502427970216898
2.02,277,50,5,1,0.8072074378705246,3930.1104972375615,3723.83973311796,6.432109088570143e-05,1.2870801805088476,621.88,0.4503119572907956
1.0,100,500,0,1,0.7941800988321983,3933.686440677981,3725.1986563477367,0.00013293452974410101,1.3909971703820685,601.8000000000001,0.44918577600531734
1.64,125,272,5,10,0.8095059496037739,3604.491079264286,3428.6133433325813,0.00027530950141398087,1.2889649700804193,581.1757292583407,0.44772519198841365
1.0,254,416,3,1,0.8281815631637034,2393.7343749999977,2263.8124999999977,7.147451933385748e-05,1.2191529831517054,559.64,0.44964620112929743
1.0,100,50,0,1,0.8185783239136608,2284.2218543046347,2194.736560186988,7.707129094412332e-05,1.3019206522924374,519.0,0.4516377649325626
1.0,100,50,0,1,0.7822696516191601,1793.8557935349127,1730.5548298526242,0.0,1.6243624329338018,459.9534322627095,0.45108276091509103
1.0,350,50,0,1,0.8388830825381518,923.2430739486695,902.7221563182903,0.00010454648049160123,1.2278607390582374,382.6049409976399,0.4498693143901696
1.0,225,50,5,1,0.8887180650894106,469.16702184129394,461.7419310209519,0.0002463151570174088,0.8587325505419385,324.8001507367683,0.45332512998631475
1.73,500,50,1,5,0.8703749557752487,423.40646593199256,416.54227044392655,0.0,1.0090020625854792,324.7198595330558,0.45208173334815066
3.0,500,50,0,10,0.8250727305152156,929.5913314469251,919.7375685478131,0.00011020642649770682,1.3375534463587886,362.9552401903924,0.4512893920475993
1.0,100,50,3,1,0.8313751248209018,1625.5284519978568,1588.2999990412172,0.00017703348287819988,1.2415173194323936,451.87384232299814,0.44985405501728865
2.25,100,50,0,10,0.7899498322321309,2240.020661157022,2157.2914170430195,0.0,1.5338242728696185,521.2991480340787,0.4508555206015499
1.0,375,500,0,1,0.7969688241225279,2370.9697188175905,2271.7903123427704,0.0001415728746372195,1.4692075935651572,565.08,0.44928151766121605
1.0,264,276,3,1,0.7884852695709966,2492.433501029207,2331.3444408466794,0.00017039661735598872,1.5309844521347855,588.2161100888071,0.4497401707882337
1.0,146,50,0,4,0.794706432618642,4081.5924055667856,3879.1782701292104,6.737188530860095e-05,1.3768547727570464,593.7194694311671,0.4494375347652294
1.55,100,268,2,9,0.7497444973159982,4071.0984351213065,3878.9386893026817,0.00026565816293821804,1.7365114676653384,602.2958166326653,0.45028894173980655
1.0,423,318,0,10,0.7954955999623535,4101.334274044216,3919.569029889193,0.0002704743899822713,1.3681308080567598,591.6242285074209,0.4504394344671537
1.0,100,50,4,10,0.7953021303134379,3712.905952779316,3572.5950722665148,0.00014057593870427966,1.3944517714468943,569.0874322972919,0.44984888016298513
3.0,100,50,2,4,0.82874902669287,2393.7376623972586,2293.8677969157325,0.0,1.2137542711466074,545.4325874965001,0.44844527910575605
1.0,500,229,5,6,0.7921287247481716,2277.996277915634,2189.42345606908,0.0,1.514056210881803,508.16,0.4504093198992443
1.0,377,500,0,5,0.8026693735657137,1795.724189386936,1744.8959433031418,0.0,1.4606243403846222,448.5942130314788,0.4503789782274576
1.0,500,249,0,1,0.8165642227464389,843.6920529801313,825.3402253038911,0.0,1.4118518087523542,377.68,0.4489514933276848
3.0,100,334,0,3,0.9478674880180195,690.7265114001552,684.261454658126,0.0,0.37122716365390124,317.23595536178556,0.45038457481852096
1.59,106,339,3,1,0.8813081628035955,835.6286660921726,829.2437968850882,0.00012392948895422845,0.8937910898274191,322.7641809672387,0.44763907457573865
1.0,500,50,0,10,0.8284420260142862,819.5802784944864,803.335109752522,0.0,1.3183666122774773,401.41530090311346,0.4484852896402202
2.52,100,500,4,1,0.9026104076005284,1527.6690171944929,1482.519894777469,8.402924266053176e-05,0.6786090503113866,476.02475916146585,0.44873948605784225
1.01,163,50,0,9,0.9115233884919394,2187.0793025711637,2102.1951717512875,7.37344420917062e-05,0.564689607369553,542.465622975081,0.4493437805717744
3.0,381,50,0,10,0.9288380233441217,2332.9182751769076,2233.195288661261,0.0,0.4170920277857544,578.0552534101364,0.45083385288461275
2.22,175,344,0,1,0.7649549801546269,2439.899646639872,2279.666577926547,6.67850824229942e-05,1.722907714445925,598.9361478459139,0.450744681987024
2.78,100,50,5,1,0.7572740500526907,3972.245952229141,3790.1589534810737,6.657882324032399e-05,1.6829276117416536,600.7916339346426,0.44860185549729115
3.0,426,500,0,1,0.7734849478913284,4285.748106060608,4099.83754571578,0.0001320829480914014,1.532336729247311,605.6800000000001,0.4506670188878616
1.74,100,345,0,1,0.7850268501509087,3926.8075017095557,3739.3318118362067,0.00013485447345368246,1.4639775127276307,593.2558118324733,0.4496662676781302
1.0,100,50,0,10,0.7610479119065057,3100.515463917537,2945.6333090353824,6.841817186644773e-05,1.7099415759724577,584.64,0.4482074438970991
1.0,309,254,0,1,0.7720566293368412,2368.0942720273065,2268.1873527403773,7.239647587009474e-05,1.668859451527942,552.513081876725,0.4519655492620083
1.0,311,50,0,6,0.7747600610148784,2258.8989542741915,2175.9570750973344,0.00015788134690420208,1.6537752148747802,506.71977173177567,0.4519260929111118
2.2,100,50,2,5,0.7845716522383843,1869.5544673491258,1822.4188219270804,0.00018167078572838287,1.5999976642122613,440.3657954318173,0.452175522647237
1.99,100,338,0,1,0.8213353783111176,893.1208024371422,876.4239775588071,0.00010910776739156209,1.3701139319764115,366.59534898604056,0.45422801720051653
2.55,428,50,3,4,0.8311284395046952,614.5634003651953,607.8256271905292,0.0,1.3102261830439148,318.827100044036,0.44988079482840065
1.0,407,263,0,9,0.865111262629916,696.5447207483783,689.2891689914486,0.0,1.032915435969344,326.9640689627585,0.44861757360194254
3.0,109,187,0,1,0.7979362134970578,888.5901308563789,872.1556269218394,0.0002004554958249851,1.5574178557726137,399.0751153953842,0.4511376298408378
1.0,193,500,0,1,0.801233995322554,1620.2573627034217,1572.4706221172955,0.0,1.483703771258877,475.53862842043884,0.4486877435296994
3.0,100,50,0,2,0.8063507834213308,2259.810720105492,2173.9072141580014,0.00014993722242841333,1.4011032603757128,533.5673074922997,0.44718496051120354
1.0,184,50,0,10,0.7909089698452737,2380.2630801083224,2281.733677218419,0.0,1.5173283493269192,566.3522019119235,0.45031429290709896
1.0,180,50,0,1,0.8163069846904395,2467.23870056497,2306.8365158579195,0.0,1.310408281929054,581.08,0.44792455427824046
1.0,500,50,0,1,0.829917665070151,3818.829113924053,3643.259081350763,0.00013557483731019523,1.1116512565883445,590.08,0.4520065075921909
1.0,100,50,0,1,0.825046384242466,3954.7102354994418,3768.580734572279,6.63015168089727e-05,1.1420532906909293,603.3285811432457,0.449181234612744
1.29,442,283,0,1,0.8337676600904915,3634.272727272735,3425.0307059961397,0.0,1.0945486048337723,594.8,0.4517821116341628
1.74,100,500,0,5,0.7797683802703023,2995.3039498161634,2830.733193420215,0.0,1.5676517197297024,571.032521899124,0.45068643740215203
1.45,164,265,3,1,0.839655339308677,2406.2445040744797,2306.311494508447,0.0,1.12567208557782,548.1995493891833,0.45158702180858884
1.0,500,475,0,1,0.8255191844960634,2264.48811030578,2178.337931144009,0.0,1.2477523226498335,501.2602605414082,0.45024345389545556
1.16,149,395,1,2,0.8789026714189695,1977.3834605561833,1933.794064076548,0.0,0.8384060444938194,433.40073006400115,0.44974618519831344
1.46,500,51,0,4,0.8554605974102671,909.4101876675606,894.8677919744247,0.00011122233344455567,1.0959501767295745,359.64,0.45300856411967527
1.0,476,500,0,10,0.8566545701819389,455.7408988741779,449.3677190031772,0.00012675840029281393,1.1163396344813241,317.60356334253373,0.4519757921218313
2.4,424,186,0,1,0.8716009512430218,786.9580419580442,780.1551573426595,0.0,0.9749552834124685,320.32,0.45129870129870125
3.0,500,500,0,1,0.9240100097178607,927.8425821420474,909.6806241469104,9.971225987581016e-05,0.5464697241943969,401.1542818287269,0.4505932931310912
2.71,442,50,0,1,0.8453940823217375,1871.9698099126447,1824.2048128385843,0.00016938892675334564,1.1133027428142188,472.2858898355934,0.4496485096765974
2.86,100,346,0,1,0.7999594976881522,2263.2432316021723,2177.4978468153517,0.00022080196880113831,1.451857711943263,543.4879086793804,0.4496946157656564
2.66,100,50,0,3,0.8246707991700342,2408.7747287811103,2303.015800209682,0.00013997760358342665,1.2452939671328664,571.52,0.4486982082866741
1.0,500,500,3,1,0.8866835417144621,2913.069021801014,2754.6067085491113,0.0002046831626601017,0.7171997756139794,586.2719651213952,0.44900046634510954
1.0,500,50,0,1,0.7835374073513625,4289.313830990851,4104.170531453232,0.0001373701956674658,1.4516431887162957,582.3679555182207,0.44961876089033764
3.0,402,500,0,3,0.7850165740995609,4207.871013424103,4012.702198601996,0.0,1.4458483001359759,592.6322467101317,0.4511339719068577
1.0,345,265,2,10,0.8216563240617735,3790.809948164594,3583.093236949283,0.0,1.1809526346686832,586.2396614187514,0.452852079706752
1.0,372,333,0,1,0.809569189628784,2883.4779923791207,2729.223925271214,7.008295207816823e-05,1.336216253143894,570.7522131114756,0.4504870601181884
1.57,100,485,2,1,0.7785864377997476,2449.22733815622,2351.3903592740944,0.00022164761069762704,1.6108446124662807,541.414363774551,0.4504617575314098
2.01,100,55,0,9,0.8430815680861585,2239.2679221386143,2158.301862396462,0.0,1.108761795826229,493.0063170526821,0.44738337924727933
3.0,500,500,0,10,0.7849472300987856,1795.579906632045,1758.2095350492161,9.424055625752204e-05,1.601774030041158,424.428734850606,0.4494392554965898
2.83,100,500,4,10,0.8753921482291697,857.8656527327689,844.9641386655147,0.0,0.9401018211200336,351.39045638174474,0.45145136440365335
1.0,100,109,2,1,0.8905575781066948,633.5341631569936,627.3756253058822,0.0,0.8335090488643452,313.15645614175435,0.4517818301024693
1.07,100,500,5,1,0.8788359542724087,748.3957557322678,740.9075778881817,0.00023764833684042561,0.9191936246930356,336.63858593599775,0.4516397445323661
1.43,500,392,0,10,0.8162044203261765,930.4684235009905,909.2414036060208,0.0,1.4090409764870213,409.32422896915875,0.45117632791656564
2.69,100,50,5,1,0.8935600461326594,1919.9837133550498,1856.5600680348527,0.0,0.7256348382257287,487.88,0.447733049110437
1.0,446,50,0,1,0.8460851109263186,2291.8701277140112,2200.919181963484,0.0,1.0815594689335346,540.1510399107589,0.4491262723791196
2.41,100,500,1,1,0.8295604669212024,2415.934414668546,2316.0498154238967,0.0,1.205783456960632,572.36,0.44824935355370743
1.01,223,500,0,3,0.8254299626276533,3740.964947861805,3576.484024486169,0.0,1.152645333233841,573.8880243209728,0.4510350932166722
1.89,248,298,0,5,0.7507738209629032,4298.872549019599,4105.572236193739,0.0,1.7136612727896627,583.76,0.4486090174044128
1.0,471,287,0,2,0.7676692575179985,4307.822665806137,4126.968402386308,0.00013657843960788077,1.5772130807037155,585.7674194967799,0.45192572636094974
2.91,269,500,0,1,0.740010309186268,4205.239179954444,4022.4103699335674,0.00013955760240039075,1.8053834263087882,573.24,0.44867769171725624
1.83,303,69,0,5,0.7842243318966944,3229.1885956718606,3085.798637040577,0.0,1.5157057704026964,559.5415449853982,0.4514584174003315
1.0,436,50,0,1,0.7980391126364139,2425.0227491741966,2326.8166948421326,7.54536459178165e-05,1.4571415434829758,530.1268018720749,0.45121856445941977
3.0,100,78,4,5,0.7954138434643614,2250.6508929157535,2173.971481550439,8.250709921953777e-05,1.489036825604463,484.80676667066683,0.4505775462291
1.0,100,179,0,10,0.8191993384826234,1631.9186046511663,1590.9000861326479,9.685230024213076e-05,1.3387842978457352,413.0,0.4513317191283293
1.0,417,500,3,6,0.8114633132489975,848.2315939475166,834.4769441979654,0.0001169985301261106,1.4519692123429186,341.8846369854794,0.4512694523043691
3.0,293,50,2,1,0.8288518272339562,754.0193366861763,747.6483572096395,0.0,1.319129792331823,303.35661773529057,0.4518723800531705
1.0,103,500,0,1,0.8325025011202136,760.3086423361658,752.4685662080205,0.0,1.2895540840868178,338.7161825526979,0.45016533346453413
1.0,100,50,4,7,0.8027146692033345,969.8160304926622,948.8776874805892,0.0001958660246776854,1.513934457058194,408.4342866285349,0.4482420905788603
1.0,100,50,0,10,0.7858011754949992,2079.7768311515347,2023.5166078377713,0.0002503338298987467,1.576313480413899,479.3662930517221,0.44909875398554183
3.0,100,50,0,5,0.7826160035914882,2330.856946416315,2240.799222317981,0.00023090819609998235,1.5862216159180844,519.6731954721812,0.4496613097592796
1.0,100,500,2,10,0.8697110311576254,2451.336129787426,2319.9224886296993,0.0,0.8832697967917593,550.9194662010872,0.44957523025743257
1.62,100,500,0,1,0.8510687415972937,3650.5558334924167,3458.6918554357662,0.0,0.9544751442573772,577.472541098356,0.4503706272137397
1.81,100,50,5,10,0.8485973548478045,4443.83761598067,4236.002012426081,0.0,0.9218931736040058,568.5120115195392,0.44909592439478535
1.0,100,135,0,1,0.7923578107843555,4315.592037165795,4109.294320000206,0.0,1.3803079684862893,586.6082387295492,0.450801213295181
1.0,162,50,0,1,0.7676771205447002,4269.418876227981,4073.235394994974,0.0,1.5804945599349667,560.7671746869875,0.4502461091280421
1.0,100,427,0,1,0.794059110201115,4054.720348312464,3935.052932315144,0.0,1.3812013423701595,539.3675683027321,0.44860574338379583
1.0,200,50,0,2,0.806787999423193,2432.3906685250004,2335.1231721356153,7.554108983418255e-05,1.386627794412767,529.513144274229,0.4496902490503105
1.05,170,50,0,10,0.8004265186342862,2222.522975420451,2140.57396611555,0.0001674903561484196,1.4508163054955479,477.63944050073513,0.453479650674874
1.0,100,50,4,6,0.85880240767679,1432.2635135135167,1389.9569838883656,0.0,1.0355067220056178,411.64,0.45214264891652906
2.49,462,500,0,2,0.8714188093206583,972.0996854896086,962.0560158685491,0.0,0.9641776687227944,323.36587856485744,0.45080150562006366
2.57,100,50,0,10,0.8797953066223907,709.218351119332,702.3485332202966,0.0,0.9145853175428865,310.6832881315253,0.45075319017495696
1.0,100,50,0,1,0.8514246589686096,725.3853483444859,715.1485316678898,0.0,1.1405849322507102,342.9552465901364,0.44798222979037317
1.0,454,500,4,9,0.8807685869230931,987.2774026690759,956.1197070772695,9.642496838794475e-05,0.8888785510202679,410.40031489384324,0.45005739288955116
3.0,100,500,2,6,0.8772130026374043,2157.100591715978,2087.8175728480537,0.00016815200941651254,0.8404624027297986,475.76,0.44812510509500586
1.0,100,164,0,1,0.8484676096337034,2340.354011548713,2244.267050634936,7.602515588487698e-05,1.0592863705458146,526.120592564993,0.4468182336401219
3.0,100,50,1,7,0.8606386278620161,3688.413039814067,3583.585388115644,0.00021905798833434767,0.8720529135295465,547.7928526250721,0.4456372547782888
1.0,500,500,0,7,0.7961552693414751,4330.061281804781,4168.633707152775,0.0,1.3474680123029474,555.5995413824633,0.44866818651667795
1.0,500,50,4,1,0.8161292137658243,4548.395911219886,4373.724304934852,0.0003467847410053246,1.1728687131862379,576.7128034878605,0.45221249286189713
1.0,267,500,0,6,0.8477832668238487,4189.8333333333285,3985.063438798333,6.923769300006924e-05,0.9450988309521536,577.72,0.4523298483694523
1.0,500,50,0,1,0.8044526691677073,4234.517556158168,4027.6935456652727,0.0,1.2889716099308937,565.2882143159269,0.45025464716219854
1.11,372,100,0,10,0.8108987763322497,3263.2467694550346,3111.269705998362,0.00021889547463078006,1.2998881158776276,548.206856274251,0.44888726017655123
1.0,447,376,0,7,0.8544964100094743,2370.795170691093,2265.5499938422186,0.00015353907569476432,1.009176802955039,521.04,0.4514048825426071
3.0,348,50,0,8,0.8054151231956654,2145.8266932270926,2066.721430069198,0.00016864828400371025,1.415923447090126,474.36,0.4463276836158192
1.0,100,146,2,1,0.8204160015236827,996.7791411042944,958.0636549098166,9.915716410510659e-05,1.3713122469485255,403.40000000000003,0.4482895389191869
2.26,100,50,0,1,0.9257175671738441,804.070396806779,794.5470386332437,0.00024155095304903348,0.5404891128551481,335.67635214591417,0.4500947103787939
2.28,500,50,0,3,0.918786554028598,574.8819228722185,567.5690733085667,0.0001288677915017279,0.6113681323155195,310.4080515220609,0.45141752818049935
3.0,500,500,0,10,0.8246297779067961,856.0052003984175,847.1419483779152,0.0,1.3461902051197534,343.47613455461783,0.4504483301891436
1.0,100,50,0,1,0.8466802022888714,1487.6494981760793,1453.429456355122,9.512301740469274e-05,1.1283321705031788,420.5249281971279,0.448302080203033
2.41,106,238,0,10,0.858667648489492,2145.8483331285443,2065.790411242046,0.0,0.990270853938379,487.4793093006069,0.4489209614631885
1.0,500,474,0,1,0.8109299937205103,2366.439066551425,2272.4486819360404,0.0,1.3579304586196685,528.04,0.446557079009166
1.0,100,50,0,9,0.7503058490071067,3858.3805381164975,3751.1056607587634,7.345604091916292e-05,1.7437567558987992,544.5433690609502,0.4461256697605123
2.63,500,218,1,1,0.7561341164662486,4253.102254406676,4094.3816987318082,0.00014448319526028086,1.6723886367748746,553.6976106867177,0.45069722026363435
1.8,433,500,0,1,0.7860402381708695,4428.491754013972,4247.757723039208,7.0745401441369e-05,1.422328287928388,565.4077747109884,0.4488857951599177
1.0,100,278,0,1,0.7420273945516991,4210.6921836068905,4002.0950272314185,0.0,1.790021269891797,570.7929426822927,0.4512263107492708
3.0,232,50,1,6,0.7850764857073228,4359.627622024085,4184.452747945852,0.00021734419106063092,1.434150746960299,552.1270178807152,0.45019204363826687
1.55,295,50,0,1,0.784006141511872,3742.5922220752263,3600.9174257998075,7.446467401256302e-05,1.483018283627831,537.167462698508,0.4485069362224916
1.0,100,50,0,1,0.8181570762747556,2454.210526315789,2360.0393059150606,7.907638779060572e-05,1.294110242618679,505.84000000000003,0.44954926458959354
1.0,500,500,5,10,0.8002499783009314,2165.3801169590633,2094.890321040696,8.625894936599672e-05,1.4558186410938248,463.72,0.44992667989303886
3.0,100,50,0,1,0.8211306994403065,989.200620054645,957.6106956844081,0.0,1.3660606939529127,391.0452690107604,0.4524345545548985
1.0,379,360,4,4,0.8461710612087312,763.9869281045751,754.0196613287977,0.00012116806009935781,1.1797889545621731,330.12,0.45292620865139954
1.0,100,112,0,1,0.8252000184173897,708.0967152593469,700.7647326844832,0.00026295272384658553,1.350911898948395,304.24328333133326,0.4485932237011015
2.29,298,500,2,1,0.803037429706919,955.7531466887998,947.1290619080482,0.00011881686978727872,1.512033521651845,336.63906594751853,0.448312670221796
2.41,100,50,0,10,0.8316344356840681,1496.4475013758245,1465.4313867497822,0.0,1.248195218256601,417.11427542898286,0.4487916984152891
1.0,500,500,0,8,0.7971823347808809,2200.941997040087,2130.6979852702,0.0,1.4781533223426104,487.9138242470301,0.4491719816495065
2.26,132,500,0,1,0.7753610488496336,2431.1160402599194,2338.9684221275334,7.688852814917895e-05,1.6379550167337178,520.2336546538138,0.451099480426563
1.0,100,50,0,10,0.7752082541998198,3347.3366548291615,3219.69688991763,0.0,1.5794328482432154,552.1048684105272,0.45011951381891824
1.0,100,500,5,2,0.8229179055529383,4141.218884545411,3954.988504562908,0.0,1.146783175939549,565.8949253970159,0.44991870830071473
1.0,100,50,3,1,0.8041789561483011,4365.749414012603,4171.489303282806,0.00013842371262541762,1.2817168794784928,577.9356620529642,0.44905876139206163
1.0,100,235,0,1,0.7919640579811578,3673.3818149388626,3451.6340323824315,6.900245192208621e-05,1.4266490030028511,579.7359244739579,0.4513213729414547
1.0,100,342,0,3,0.7877262485136136,4245.04018336658,4083.036820969569,0.0,1.4205874450798859,543.8294141838883,0.4531812096196199
1.0,500,272,0,10,0.8080067515384324,3773.8183331001396,3645.966523539604,7.55240357154346e-05,1.2884687777331192,529.6327138914444,0.45102331534010914
1.0,456,50,0,1,0.754637914092619,2412.539297139556,2318.0870933412766,0.0,1.8052091409096862,512.31374425023,0.4504996828664018
3.0,393,387,0,1,0.8120637232040893,2160.88398267519,2094.461397390754,0.00017441594856475702,1.361296536467958,458.67365145394183,0.4508589936632302
1.0,469,278,4,1,0.8522632561619903,972.3793739517905,945.1704077308918,0.0,1.1179756246479875,386.0993333175204,0.4472185565824332
1.0,100,87,0,5,0.8318212094366118,851.7985233566015,843.1540065079107,0.0,1.2889319068449556,314.8433297331893,0.4511497860869595
2.34,100,50,0,1,0.8677864560348199,818.3020659255737,811.9139662417332,0.00025592080186279554,1.0028559757121387,312.59670733170674,0.450159961249408
1.0,389,387,0,4,0.8757425923041118,889.3365609560472,877.4585156183045,0.0,0.9351660923479604,357.1214291783063,0.4516129377653549
2.01,409,50,0,1,0.7888206529524979,1718.915671858078,1682.0395878511479,0.0,1.5760696010563757,429.19490740370384,0.4496738129048798
1.84,500,455,0,1,0.8596733461684738,2297.7690648605185,2220.1535847710093,0.0002448183036424249,0.9715261723905412,490.16596503860154,0.4488330267680308
1.0,100,50,5,1,0.8609247350917236,2419.2833336260237,2323.730561917024,7.555051328049824e-05,0.9543505550548819,529.4470978839154,0.4480961476158931
2.5,100,304,5,1,0.8363750518993471,3640.0633208901545,3512.826532038798,0.00021658780068786678,1.0701367474395485,554.0330514779408,0.4479099018775625
1.0,500,50,5,6,0.8015838911069082,4279.693877551022,4117.981630226408,0.00014111338460452976,1.3071241274496108,566.92,0.44888167642700916
1.49,465,467,0,1,0.8437310685739199,4515.518920644983,4323.345831816072,0.0001412285920498912,0.9552401691425065,566.5028543496168,0.4513486750096618
1.36,448,138,0,10,0.8065557889560536,4588.406301387422,4398.373939863313,0.0,1.2479943469765462,524.8326850925963,0.447603074281893
2.97,107,151,0,1,0.8045307553892278,4274.442143831223,4071.7295130598486,0.00014924351705396038,1.2852497479557008,536.0259637614496,0.4502648971690348
2.25,500,367,0,9,0.8051520162913907,2672.8850195230107,2549.0900422931245,0.0001544857562495189,1.384409062762504,517.8263813447462,0.44832380390005716
1.0,500,50,3,8,0.7857970225607964,2396.2803272023784,2308.126232255149,8.165593204895676e-05,1.5566469556676137,491.1615422529456,0.45127860658202024
1.0,500,50,0,1,0.8791731563327274,2134.71206806594,2073.2830735490584,0.0,0.8263482446176801,437.66869210463165,0.44946074498118205
1.0,100,263,1,1,0.9011234671908129,1035.410546003096,1012.8101196815038,0.00010892038275690326,0.7225203995184957,367.24072196179316,0.45310972943276273
1.0,166,500,0,2,0.9352880776486071,788.4540663496556,780.1086902958257,0.00012783344563223974,0.46515428669836306,312.9321912444143,0.45263964892469816
3.0,100,500,3,1,0.9444145671909242,736.1363636363609,728.6969452195596,0.0,0.3958556855107422,314.96000000000004,0.45085090170180336
2.54,260,500,0,7,0.8485358691683189,892.9372197309438,883.5280557438055,0.0,1.1524975374709565,368.76000000000005,0.4497233973315977
3.0,500,329,3,1,0.8141874626050614,1433.911033410831,1392.7601123443694,9.011201487956352e-05,1.3920977036045765,443.8919721577726,0.4473280890000734
2.1,100,148,0,1,0.774046881442827,2227.4280186131155,2150.4249728094446,0.000158630436064317,1.661379254537837,504.3067525298988,0.44693843163219515
1.0,238,500,1,6,0.7769400294646203,2456.3170940283762,2361.5557132412605,7.454795606287384e-05,1.623734908128591,536.5673602944117,0.45079768400413545
1.0,100,50,0,1,0.7666142530190009,2997.8448275862006,2839.1951529658104,0.0,1.672517976496259,566.04,0.44908487032718536
2.28,100,190,0,1,0.7942931058534748,4309.23049234658,4132.405214583121,0.0,1.3642672962745448,559.0322083116675,0.44969949352149974
1.74,500,50,0,1,0.7633034786738557,4389.55094991364,4205.73201130802,0.0,1.607062738568432,589.0,0.4503225806451613
2.23,254,50,0,8,0.7733285994845619,4230.513918629555,4028.7335031992875,6.950719399457844e-05,1.5379239423412214,575.48,0.44894696601098216
1.04,100,218,0,10,0.770432139494889,4123.696238497048,4008.1386678421413,0.00014071991968271538,1.565200280656883,568.4937871224755,0.4499789893687479
1.0,451,50,0,1,0.7894519587498646,2480.3244818257126,2365.4668865894487,7.316991309365835e-05,1.5227116112277237,546.6727826886925,0.448818335023998
1.0,100,466,0,1,0.8295855711345836,2322.3404475451516,2234.073142301574,0.000394417178871715,1.210646143570696,507.0732482700692,0.4490810353291291
1.0,500,475,0,1,0.8074440306714078,2095.6430537292845,2042.8387355882878,0.00017869417998559568,1.402140973291514,447.674345826167,0.45192998613354607
1.08,100,500,1,7,0.818839563866704,937.6259946949608,915.2405780282942,0.0,1.3875212699755923,380.12,0.4534357571293276
1.0,279,500,0,9,0.8332771488065738,561.5555555555617,553.2982026143852,0.0,1.296621017608412,320.36,0.4547384192783119
1.0,500,500,1,1,0.8365108456074781,488.1944444444447,481.3603988603991,0.00012564392511622062,1.2753434525131142,318.36,0.4494283201407212
1.0,500,50,2,10,0.8238929904859675,921.3295438754196,912.5992288237741,0.00010882868767390306,1.347507459646939,367.5648481939278,0.44629446828873737
3.0,500,50,0,1,0.8176912943240439,1634.1489361702104,1598.5744412207155,0.0,1.3507121994946176,444.36,0.44828517418309477
1.0,100,500,0,10,0.7792570935966003,2242.7132710595324,2165.361596955487,7.987010335325555e-05,1.6188476820866575,500.79314267429305,0.44592652473161454
1.08,444,50,0,1,0.7948867887790867,2353.0665404865094,2247.361292793062,0.0,1.4875580953246539,548.1923971041159,0.45114918018647143
2.43,100,181,0,1,0.7678890230702635,3421.4063245530897,3260.9315457393377,0.0,1.634143219761477,562.1749067925434,0.44734588451362395
1.0,500,50,1,1,0.7390446472996604,4191.851441241686,4043.2885345171744,6.854949273375378e-05,1.8130010567586203,583.52,0.45139840965176853
2.12,291,484,2,10,0.7924413463808665,4232.883817427378,4031.045252404956,0.00020329335230737954,1.3845983399207078,590.28,0.4476519617808498
1.0,100,275,2,1,0.8168275503591876,4412.520348217075,4233.2281578503125,0.0,1.1771879802575862,569.3122275108996,0.45057258731678185
1.0,292,52,0,5,0.771593791433989,3816.5577772820907,3629.73849605323,7.129428517957043e-05,1.578897204179885,561.2723459061638,0.4505204913435591
1.39,500,500,0,10,0.763531950302226,2959.04356124504,2860.6079661356803,7.431253855877129e-05,1.6976073882590517,538.2671723475756,0.4473099782664663
1.22,127,341,0,10,0.8329664435946988,2315.4407051905546,2228.412110450166,0.00023835690390727404,1.184329976913237,503.44671386855475,0.4502621919586542
1.0,100,50,0,1,0.8232788116403429,2054.0583554376644,2004.0915559688729,0.00018269845619804512,1.2781324462513102,437.88,0.45080844066867637
2.55,408,50,5,10,0.8310682457246559,992.2913905140657,975.9780542437828,0.0,1.285845052710825,358.55508499660016,0.45091479344059365
1.0,100,352,3,1,0.8934131602129252,997.5565610859721,990.7480504476742,0.0001325556733828208,0.7861527865653775,301.76,0.4532078472958642
2.44,100,50,3,1,0.8997726352403872,770.9235668789806,763.9585734840005,0.00012465719272001995,0.7504068656793631,320.88,0.45125903764647224
3.0,100,271,0,1,0.8327740363693594,883.2029854672352,868.5117177574882,0.0001044373997380075,1.2792083441381576,382.9892372305108,0.44950392819973883
2.3,100,298,0,1,0.8235668398542307,1887.9753002812538,1843.1838167517403,0.0002636669193004431,1.2865659767597861,455.1318020720829,0.44726664778036357
3.0,100,290,2,5,0.8182669265640281,2265.5154278500167,2182.5976642288592,0.00023530616339530495,1.3051235387583555,509.9738921772516,0.4487058913872524
1.28,500,500,0,1,0.8559995917996934,2411.319460931968,2316.8705287870107,7.251006000947068e-05,0.994251912491801,551.6255269789209,0.4505112126003805
1.0,100,50,1,1,0.7901777327975346,3352.9545454545405,3221.9628099173506,0.0,1.459414225773994,582.6,0.4506694129763131
3.0,373,286,1,8,0.8502620656559374,4285.593612676741,4123.079564327155,0.0,0.9176143688523708,579.0719011239551,0.45126753420229465
3.0,102,406,0,1,0.762694251943162,4323.809523809527,4145.389056623764,0.00013550135501355014,1.6158683623969008,590.4,0.4497289972899729
2.33,500,500,1,1,0.7870093534640324,4285.388906149658,4092.816551026662,0.0,1.4246516570485293,577.0805590072969,0.4485340388484228
1.09,100,500,0,1,0.8329496711705127,3944.718737309947,3807.2658970675975,0.0,1.0780031428233137,563.8871714868595,0.4520110579167819
3.0,381,50,0,5,0.8138230455565998,2571.2765957446786,2474.059105682214,0.00014752526370140888,1.3209427283055695,542.28,0.44950947849819284
1.0,314,500,0,10,0.8052555884210015,2288.1164014697397,2200.3310719177957,0.0,1.4083403768524034,507.7532578696852,0.4492673868364885
1.0,100,50,0,10,0.8668106696838846,1865.3661050984126,1820.2367712511423,0.00018562735485608224,0.9422899586075578,430.95372548952594,0.45164288599739705
3.0,108,50,0,1,0.8822434521358564,962.0496914551107,945.2229009832902,0.00023063048157034735,0.8780153688687273,346.8752241910324,0.4505303866867662
1.0,500,500,0,4,0.8801381643657993,872.3777836200208,866.0316106188902,0.0,0.9009477052656417,304.1612851121301,0.44950022646622634
2.88,108,50,0,1,0.9196332075164095,600.6517243733178,593.9425698992709,0.0,0.6031145300596378,327.40452018080725,0.45033601857573397
2.08,500,50,5,1,0.884969042518875,924.8859645694542,909.5020512393721,0.00010189374082156468,0.8588976051737292,392.5501187952482,0.4492561467541802
1.0,100,50,0,2,0.7890663681644716,1831.0294092481622,1783.9987830163968,0.0,1.566968114942075,456.976469568374,0.45216625107673897
3.0,424,358,0,1,0.8226344322745504,2257.000000000001,2170.443830570903,0.0,1.2713430807845676,527.08,0.44995067162480074
2.25,186,50,0,8,0.804106035569281,2441.0285137941064,2345.150976789989,0.00014323287186693187,1.407325933349216,558.5086655409283,0.44730787307427566
3.0,100,500,0,10,0.7815701346037602,3815.9090909091137,3712.271031207621,7.074136955291453e-05,1.4963581030269206,565.44,0.4470854555744199
1.48,246,243,0,10,0.7551315750914884,4248.369872943356,4083.1069244174682,6.972137907967534e-05,1.6810920632645723,573.7121171153154,0.45039390947765
1.73,338,50,3,10,0.7737221629545943,4369.294023234391,4223.5991683214925,0.00013600912667783264,1.523520905058027,588.2075859034361,0.4512070338711608
1.0,500,50,4,3,0.7671562370296502,4101.094890510944,3936.4029473829823,0.0,1.5948335091663344,588.52,0.45150547135186575
1.0,100,50,0,10,0.7672908463929266,4006.707204802596,3887.1046616872286,0.0,1.5985461666402607,567.1444812415007,0.44784545623662475
1.0,253,500,0,7,0.7738650850234348,2414.744635800207,2318.5282888540414,0.00015026401283972765,1.651003027631701,532.4069186767471,0.4494364947748822
2.51,100,321,0,1,0.7746596931861298,2317.5214528909482,2237.9421180130457,8.109534399933528e-05,1.650711478126163,493.2465666626665,0.45089614961519064
1.0,500,346,5,1,0.7989276259190403,1745.3434450086938,1698.7862693392403,9.276189610836832e-05,1.493589145043862,431.1942914283429,0.4502783138879415
1.0,100,330,0,1,0.8225346729884737,935.2761627906972,921.0222731160154,0.00022246941045606227,1.3574010627410742,359.6,0.45050055617352613
1.52,213,204,0,1,0.8528895663694855,580.3748506713735,573.3381436672892,0.00012949540570509715,1.1381673784214161,308.87891231513424,0.4493654833892862
1.0,100,500,0,10,0.9015767245239987,510.97443567356595,503.7681147779968,0.0,0.7535614521262913,325.96843713748547,0.449625726462581
1.0,100,500,0,5,0.8324459198173964,932.1738112109442,917.3989999976401,0.00020675815750974554,1.2783666981055233,386.9254838190808,0.44908497047785034
1.0,221,85,0,4,0.8551218741200555,1891.5648963302033,1845.8202007914085,0.00017230744544752068,1.0341008889112742,464.2863794551782,0.45007324048623254
3.0,100,50,0,1,0.7937498827934896,2290.896027317717,2209.410710162717,7.738036722153155e-05,1.4998359523349596,516.9269859560677,0.4483827654958698
1.44,100,50,5,1,0.7868085060423721,2450.544358213982,2353.8076011217345,0.0,1.5453868863498326,558.7451861925523,0.44992483886894963
1.89,100,50,0,8,0.7949998642168346,3157.6490778224525,3012.5010269915583,6.965058009914504e-05,1.4341901149446583,574.2952886115445,0.44981537650884723
1.0,138,500,0,10,0.7867398416751384,4331.791591985827,4176.062104936304,0.00027596892489452997,1.421934205518365,579.7522323107077,0.4476335069977261
3.0,100,485,0,1,0.7694267202780245,4262.7255382299245,4073.9711208979743,0.00020350303234511246,1.5662893430735179,589.6796662395515,0.44864999258823496
1.0,100,50,0,9,0.7844799245357497,4244.896907216494,4086.5142057946928,0.0,1.4464468999469626,586.44,0.4526976331764545
3.0,100,50,0,1,0.8047237307878631,3505.3571428571418,3374.8113682092544,0.0,1.3328712033282157,561.8000000000001,0.44862940548237806
3.0,100,500,0,5,0.8338183546650897,2479.0498662245045,2385.451550729497,0.0,1.1673031154474829,540.9126802927883,0.44886487186904245
2.32,100,50,0,8,0.8008053571890321,2249.126194258455,2173.76411901996,0.00024118339856717187,1.4456450985813283,497.56658586343457,0.45132246758388195
1.02,100,50,0,1,0.855586078443235,1736.9002728902644,1703.215767290172,0.00028221629999194183,1.040076405181455,425.20577303092125,0.4523047717181825
1.0,481,362,0,1,0.8634609928337251,806.9178082191793,794.1496089854628,0.0,1.0389431434233773,355.4,0.44918401800787844
1.0,100,231,0,1,0.8558966236942673,662.3936775141918,655.6954864540164,0.0002561845242033781,1.1083783359318482,312.2811587185939,0.448443680424446
1.0,100,50,0,3,0.9031713447459403,841.1725663716818,833.8862760491012,0.0,0.7187939472851185,320.36,0.45124235235360216
3.0,100,159,0,1,0.9228873897895189,982.1251619202135,961.0757162188877,0.0,0.5521275190792116,395.66262634637883,0.4485895336841074
1.0,100,450,0,1,0.8197219839610939,2061.351628430271,2012.3310795803018,0.0,1.3064347047108975,468.140647716,0.4495044709680674
3.0,230,135,5,7,0.7851065541301345,2332.98275531978,2247.1891774878195,7.699116996939408e-05,1.5663211868587315,519.5608805516814,0.4473015504934873
1.51,100,50,0,1,0.8466575113532417,2491.7171459156016,2393.9533202566986,7.237370498250387e-05,1.063739479558357,552.686918676747,0.447492150374129
1.0,159,50,0,1,0.7680197944540826,3873.1221806095236,3719.223277162623,6.929913532253378e-05,1.6026248641709557,577.1846918123275,0.45072765228594486
3.0,100,50,0,10,0.8443536229938707,3755.369127516778,3549.2053344133296,0.0,1.0016852006513643,592.24,0.4506281237336215
1.27,500,500,0,10,0.7557523747790492,4295.209116544385,4114.482956585596,6.776810360546209e-05,1.673522396456063,590.2481827273091,0.45025752069128355
3.0,500,50,0,10,0.8026529439980892,4296.344451578327,4138.3739391105,7.072626859952687e-05,1.2974777157884603,565.5607285956492,0.45052684633991863
2.41,100,50,0,10,0.7960381224151896,3763.340532024331,3643.2194714034363,0.0001608888839801788,1.3844879094629303,559.1452293908244,0.4496326478216022
3.0,100,50,0,7,0.8195651720838036,2409.641051752191,2313.909791832615,7.675091325113129e-05,1.2858734267169087,521.1664370574823,0.447079592904486
1.0,100,50,0,1,0.850069202179065,2256.2144485822646,2180.9128269553316,0.0,1.05154214004956,481.874368225271,0.4497385675412454
1.0,363,114,0,3,0.9278945189292089,1655.7352518276316,1620.4516216265838,0.0,0.46763761945118754,415.35409783608657,0.45156006858759945
1.0,353,182,0,1,0.8348282919720889,902.6344140230383,892.8725371362995,0.0,1.261523432517977,334.2835569422777,0.4535119963747075
2.9,100,322,0,10,0.8927843809816167,821.3450292397698,814.7569571177171,0.0,0.8031882192684837,304.6,0.45134602757715037
1.92,100,500,0,10,0.8681810154625366,814.0865493627362,806.8882716413854,0.0001177456005321875,1.0002838910651726,339.7290419616785,0.44836926535006294
1.0,100,341,0,1,0.8107304140912092,983.0789677121347,960.6933190191128,0.00029761868739634783,1.448769040337826,403.2058642345694,0.4506944293839861
1.0,100,500,0,7,0.7709632784095253,2029.1005670154902,1971.7589941045944,0.00024664977772233677,1.698438487797683,486.52628505140206,0.44898463664715216
2.76,100,50,0,5,0.764167093045081,2326.3786043662312,2246.2371230873678,7.557337751880386e-05,1.7340915846358613,529.286917076683,0.4452086014613979
2.44,100,500,5,1,0.7803968943700212,2724.6779545683985,2628.263419155655,7.097954602400247e-05,1.5782515068236473,563.5200885966722,0.4497444839991331
3.0,500,50,0,1,0.7566732614288362,3740.7007884149543,3602.247658475174,0.00020640114502151784,1.7014361580495967,581.3921235150594,0.4493292082494676
1.0,500,50,0,1,0.7488716158677282,4275.898046334195,4102.241651410198,0.00013825618176698025,1.7294792374364938,578.6475443017721,0.4486381575298605
1.0,500,500,0,6,0.7942589228985517,4326.851807340029,4166.238487589469,0.00020640968947920171,1.3624127876016456,581.3525538978441,0.44543826082285143
1.0,500,50,0,8,0.761247366699644,4199.163433173185,4018.84905344439,0.00014047016783107295,1.6358063765132675,569.5273330933237,0.44964176511094855
1.06,206,298,3,4,0.7491455326822797,3069.4134078211996,2921.6701487356195,0.0,1.807132953323202,552.88,0.45015193170308204
3.0,143,500,0,3,0.7816537859521031,2383.1077038145104,2288.1196014944626,0.0,1.5910621355395427,531.12,0.4501430938394337
1.89,369,50,0,9,0.8059550178207219,2221.886145848597,2153.065447344707,0.0,1.4065281376611152,482.2335074597016,0.45172529230627784
1.45,100,500,4,10,0.7737022714512312,1680.0009729290316,1642.9052896515605,9.785830484622626e-05,1.6994225696944387,408.770621224849,0.4492611402452029
1.08,260,500,0,5,0.8221346410949131,886.4315352697131,877.2845758102536,0.0,1.364132334204697,342.6,0.45172212492702857
2.77,372,50,4,1,0.8377921361627823,742.8030303030309,737.0326814658216,0.0,1.2483350536387798,310.52,0.4505989952338014
1.0,100,500,0,1,0.8381722582070783,793.3879781420783,785.5605513316007,0.00023815194093831864,1.2415140128123752,335.92,0.4486782567277923
1.13,100,106,5,1,0.7973086045795944,967.6748382391469,943.6136929230764,9.843775619041284e-05,1.557624670145457,406.36440337613504,0.45132396478632614
1.0,100,105,0,1,0.8001165349265589,2092.0489262033743,2034.439670250758,8.373923779547588e-05,1.4613506222301333,477.69243089723585,0.44665887760005435
3.0,428,230,0,10,0.8161622010953336,2330.312985682057,2246.4870732438694,7.510640855401928e-05,1.3179921764560263,532.5777223288547,0.4493840109219999
1.0,100,500,1,10,0.8902588931548611,2492.6282145769446,2393.6253159438584,7.141228795943748e-05,0.7149109125011661,560.1276915076603,0.44654718402600674
1.0,448,355,0,8,0.7797938614178277,3858.869143959504,3714.7464281959037,0.00013855501488379055,1.508918146222431,577.3995270478073,0.44974017907287056
1.0,359,488,2,10,0.7831624910217534,4266.767692533895,4091.76790679328,0.0,1.4560822185150673,594.3842496559931,0.44908810032962987
3.0,410,50,5,10,0.8231332324077785,4364.896919053757,4187.764556909603,0.00013666604071116198,1.1295720927909048,585.3685347413897,0.45025283408871675
1.48,243,50,0,1,0.793996274651519,4099.9371946176725,3921.7618226343975,0.0001380444750690908,1.3803637465959748,579.5117843286268,0.44995855200900897
1.0,100,418,0,1,0.8268331501527477,3575.794981047212,3451.1426450709264,7.208057826797154e-05,1.1509593834175438,554.9567029733024,0.44805757582685724
1.0,425,50,0,9,0.7984987973645453,2405.9596498292417,2312.3707936234655,7.600901542323862e-05,1.4545799216043669,526.2323139074438,0.44983274854631844
1.0,100,56,0,10,0.8150020927859319,2185.838464303465,2120.507518370812,8.527682528431361e-05,1.3362678379728337,469.0606136736409,0.45420444121515036
3.0,500,469,0,10,0.8705866889384266,1277.7992997578465,1245.8497081977455,9.972922392707817e-05,0.9509853964462126,401.0860450418017,0.4528772395726342
1.0,100,195,2,3,0.8451852332500418,850.577941694663,840.3509244879259,0.00024351281718642726,1.1816668128258745,328.5248017920717,0.4503835304953656
1.63,100,122,0,1,0.8509080174799879,676.6826923076969,670.1688400649529,0.0,1.1478408090810075,314.16,0.45059842118665644
3.0,500,50,0,1,0.8129188584534079,773.660714285713,765.089917825536,0.0,1.4453574446356945,349.28000000000003,0.44903802107191937
1.96,217,109,0,6,0.8011913296750386,1632.92716762938,1608.0819023246559,9.743354156449601e-05,1.4822408598514272,410.51982122111974,0.44811462608942554
2.68,100,174,0,4,0.8389244031128498,2143.4596297941985,2078.8446401725246,0.0,1.147861299431645,483.221248650162,0.4493833067545791
1.0,100,232,1,1,0.8191214325908218,2363.699115044247,2273.9270194355754,7.540340823405218e-05,1.292290194640963,530.48,0.4476700346855678
1.0,100,385,0,10,0.8835884877355997,2838.8046021802484,2725.75110098306,0.0,0.745806908009758,566.9526322947082,0.4488500153921341
2.49,100,50,0,1,0.7938972121590276,4005.8475087592906,3862.919890338589,6.953525068379946e-05,1.3863909855898158,575.2478003120125,0.4487171059169985
1.0,107,50,0,8,0.8007239873894315,4327.220451939644,4165.932013290422,0.0,1.3111030187102124,590.5117209448188,0.4501118209813008
2.83,100,50,0,1,0.8412175195538674,4161.98565928639,3984.4430917458803,0.0,0.9987122185346518,576.2153510140406,0.44956613637676385
1.0,500,50,4,3,0.7846978911400301,4348.897182135348,4201.728426238982,7.030585969094738e-05,1.4372554055478997,568.9198630074878,0.44990512463401744
1.0,100,500,0,1,0.8705432879614241,3816.901212844781,3720.5115795167767,7.369691910612688e-05,0.7842592093916758,542.80695504264,0.4498894378162501
1.0,100,500,0,10,0.8195032442286714,2410.575980392156,2324.5623700769697,0.00015538808173413098,1.2858253249915235,514.84,0.45062543702897984
3.0,100,50,0,1,0.883419890796003,2165.9902964763287,2105.5956347529122,0.0,0.7902546759243344,465.5261810472419,0.4483588004456898
1.0,500,319,0,10,0.8237896408396274,1368.06757191635,1346.6274492838832,0.00010294567386607107,1.318987147895241,388.5544530218791,0.4505868321353084
3.0,100,50,0,8,0.8111232708910838,678.3723011020029,670.4002375712123,0.00012039139338301936,1.4658139654621225,332.2363745450182,0.45124007950840245
3.0,244,233,0,1,0.8607953210916468,785.9398496240592,779.9991279745747,0.0001310615989515072,1.0611773421489679,305.2,0.4505897771952818
2.06,100,500,2,1,0.8737049678109479,893.5468844667546,884.4742613290106,0.00011406576465972969,0.9508647544565723,350.67489460421587,0.4486140916063657
1.0,100,50,0,1,0.8509541113329256,1378.052632084967,1353.6723085715269,0.00018854691256870476,1.1009325174895739,424.2975867920868,0.4482889143323748
2.09,213,50,0,1,0.809596886928511,2177.5014132286306,2115.65807640119,0.0003260025677543155,1.3794675831154104,490.7936802527899,0.44726973012500526
2.95,100,50,0,5,0.8511810009344399,2376.4057974949833,2285.403360038524,0.00022669898365853953,1.0347049559727128,529.3574689014148,0.4494822648511314
1.0,500,50,5,1,0.8285078250272648,3047.0121935837483,2931.3565921215027,7.260687285314784e-05,1.1725132265126668,550.9120339186433,0.4475423635009232
2.58,100,50,0,1,0.8257099155402357,4213.166666666662,4042.5119737350287,0.00021177467174925878,1.1187078383212261,566.64,0.4535507553296626
1.0,381,50,0,1,0.7972780512185497,4369.903339191551,4193.312937405836,0.00013740982480247338,1.336060228048752,582.2,0.45125386465132256
1.76,100,500,2,10,0.7583842519453684,4490.161527165931,4385.113450242854,7.040766035344645e-05,1.6369426698693863,568.12,0.45124269520523835
1.6,100,201,1,10,0.7866994896246684,4313.570447720565,4177.93334105966,0.0,1.4233539567099787,558.7529506819727,0.4510702109401468
1.0,213,50,0,1,0.7603449307976753,3630.5608613950417,3521.6191615013886,0.00014829245039296203,1.678537967954598,539.4961134438408,0.4507302071453838
2.82,100,50,0,1,0.7698820531049224,2360.957625428898,2270.93753917421,7.69494136576713e-05,1.686393170846535,519.8012325596179,0.450327052706989
1.22,100,58,4,1,0.8181504400152629,2152.63159345967,2089.105053316483,0.0,1.3134052583186913,466.7931858725651,0.4504712752609393
2.92,500,162,5,1,0.8234024738937883,1240.2542372881253,1214.8860980645645,0.0001025430680885972,1.3307371115350943,390.08000000000004,0.4522149302707137
3.0,100,50,0,1,0.8378311818996527,813.7843856199921,805.7013518719187,0.0,1.243367686886382,326.27884033619017,0.45261738456638395
2.32,500,165,2,1,0.8589551099594599,471.505681818182,465.07454838920063,0.0,1.097139779317408,312.08,0.45180722891566266
1.25,429,163,0,10,0.8485047103397623,810.6468013366842,801.4873858161839,0.0,1.1582245110434728,353.63551537938486,0.4499490429031962
2.21,343,500,0,4,0.867539069708756,1090.818181818174,1062.1751336898317,0.0,0.9879209984796844,425.08000000000004,0.44998588500988046
1.0,500,50,0,1,0.8143331558168676,2059.114754819966,1983.6545100268143,0.00016021998785587478,1.350255337994454,499.3134818607256,0.4467675627062892
1.0,470,50,1,9,0.84011659819837,2337.318181818184,2244.3489778669928,0.0001493763537232056,1.1260462230494206,535.5600000000001,0.4489506311150944
1.0,500,500,0,1,0.8405898668716922,3238.5204081632464,3133.429024351236,0.00014353380221042057,1.0625956830048915,557.36,0.44861489880866945
2.83,100,451,2,1,0.816292589444197,4186.481979326696,4024.669314517323,0.0,1.1959542413182906,577.8642572594192,0.4497128128249863
1.0,143,50,0,10,0.8337512492857433,4292.358299595153,4123.586673297575,0.00013939224979091162,1.049179722118048,573.92,0.4505157513242264
2.31,500,50,0,9,0.7998612496405548,4445.959011388523,4305.071334810253,0.00013984107441499636,1.3091293091867717,571.9750566566445,0.45129768888420463
1.0,500,500,0,10,0.771653177189563,4248.658622741567,4111.686603485306,0.00014215311699490704,1.5478121020419435,562.8635076021187,0.44979026658249555
1.0,368,50,1,3,0.8136721302117416,2480.5994362987976,2346.714375320073,0.00015140253593161546,1.3294096928469084,528.3927346906124,0.44950799156766413
1.43,126,50,0,9,0.8337123260349176,2360.280279763326,2267.6387495188774,7.910846592826045e-05,1.1758792071460633,506.4063298531941,0.45465151352236727
1.0,500,500,0,8,0.8172175711699188,2099.0876777251196,2037.6705204500986,0.0,1.3243674907014755,449.8,0.4534459759893286
1.05,380,500,5,3,0.8514006821374758,998.0802524135953,977.4678832519957,0.00010656287084696424,1.1227298126363132,375.36526261050443,0.4511935124657224
1.0,122,50,0,1,0.9202307006163599,814.3577773968366,807.0721713102446,0.0,0.5841067301122186,319.6754209831607,0.4500750556304535
3.0,100,325,3,1,0.8911323887907115,666.6520706707597,660.0964195655547,0.00025644079066479414,0.8262030584184349,311.9566113355466,0.4508270027018728
3.0,245,218,0,1,0.8037750658615304,884.91405313675,875.9636633418886,0.0,1.5111035492251357,359.43552891162926,0.45170269979339317
1.24,500,417,0,10,0.8092667999582486,1600.1723286937536,1563.1882429384302,0.0001863944905726808,1.4200474589651264,429.20581943277733,0.4494873745161135
3.0,100,151,0,3,0.8647092250895834,2232.289082526797,2150.5140391809146,8.101862312588047e-05,0.9360707246468245,493.7136482540698,0.4477031009703819
1.0,500,415,0,1,0.8463213038233057,2367.5174825174836,2270.198912613535,0.0,1.074839022909187,536.84,0.45130765218687136
3.0,285,50,0,1,0.8762142633973541,3423.639394462215,3290.990919108998,0.00021400501517536573,0.766036872338443,560.7195701916793,0.44863743953101753
1.0,100,500,0,1,0.783537693346765,4424.9984324227025,4274.126437920684,7.143048520429865e-05,1.441584763244025,559.984996400288,0.4514999490512822
1.0,135,169,0,1,0.7791248429937798,4351.361093639026,4146.728641901004,7.00475826561018e-05,1.4835915030331155,571.063247969458,0.4530680565240107
1.0,100,50,0,10,0.8325645627013235,4305.5180524431125,4146.08576578649,0.00021071302024212383,1.0573419450746082,569.4721667133315,0.4483388215693411
1.0,329,401,0,6,0.856042748239327,4319.762724556953,4182.042159764088,0.0002875121225443249,0.8676894936962604,556.5205349953288,0.4464888632831742
3.0,100,500,0,1,0.8251973098231934,3614.225941422592,3522.5270997237503,0.0,1.1605297533762409,525.5600000000001,0.44904482837354437
3.0,440,188,0,10,0.8999897415937667,2406.796890281969,2324.775918462669,0.0,0.6423629736250458,492.76636985479416,0.45141656923891327
1.0,225,500,0,2,0.8815081222912066,2101.1387732075614,2049.258135283063,0.0,0.8095884580539937,438.5142322307108,0.4512450706513551
3.0,198,346,1,1,0.8691016032724319,992.0647321428554,969.1934086134437,0.00010834236186348862,0.9815952177382744,369.2,0.45092091007583973
1.0,100,358,4,10,0.8233900230407976,804.765592469878,796.6316014630522,0.0,1.3594999092091884,312.7244449777991,0.4502430095920611
1.8,158,50,2,8,0.8662859284133991,785.5787272088155,778.9687721762289,0.0,1.017560989379972,311.50967643882734,0.4504363978945825
2.64,100,50,0,1,0.8001636105043678,893.5811630430219,881.5001471470541,0.0003250269597550767,1.5388716850392117,369.20506580263213,0.447020588224689
1.03,320,50,0,3,0.8114610970882193,1816.283220082564,1778.664831377982,0.0,1.3884796215788933,437.485624224969,0.44884339879566926
3.0,140,50,0,1,0.817258779826497,2225.022522522523,2143.1265728018525,0.0,1.316324791543879,500.68,0.4479507869297755
3.0,100,500,0,1,0.8257815137510063,2404.1218573353854,2306.1852631512324,0.00014856951295905076,1.2364405136164773,538.4684812290519,0.44781228554233937
1.58,100,317,0,1,0.7660494760422536,4112.370232703698,3999.5770266143527,7.258808394130161e-05,1.601060773516821,551.0325922963082,0.447154466681904
1.03,500,50,3,4,0.7820682159639409,4489.149202170569,4358.401160549813,0.0,1.44853592686446,558.9127698892045,0.44958133731635874
1.0,100,50,0,9,0.8776094143856544,4489.87573099414,4324.507122195091,0.0,0.6853119231417903,571.32,0.4499054820415879
1.0,100,50,0,6,0.8082564236466931,4418.801822379863,4237.155183074737,0.0,1.2454167106446352,560.7111153784606,0.45016754779559237
1.0,244,50,0,6,0.7496157861747638,4136.230725121815,4008.577654745345,7.320007468463158e-05,1.7314336977902824,546.447529901196,0.44901546865828806
1.67,270,50,0,1,0.7750576206775184,2475.8154485825708,2359.4941708914976,0.0002265518078421651,1.6379089436483663,529.6731074757009,0.45091382128355434
1.79,252,183,0,2,0.81843608987452,2343.3456952557326,2251.565751231148,0.00016054256943352522,1.299026480982077,498.30023492380843,0.4504735050638676
1.0,207,189,0,6,0.8223814716902271,2085.3865336658346,2035.4464139053555,9.077705156136529e-05,1.2834055741226875,440.64,0.45188816267247645
1.0,100,55,1,1,0.8630181702461112,996.0312477482971,979.8279381023088,0.00011014320906804393,1.0297723787512876,363.1490348105561,0.45015965368475586
2.58,100,50,1,5,0.9014580637094269,845.7570170895511,838.9095529039242,0.00012818599370237893,0.7319235660040646,312.0465726768217,0.4536597503806865
3.0,100,500,0,7,0.8890932298619393,759.8917464376093,752.9544466477092,0.0,0.836825954668308,313.1475208618885,0.4480776549023367
1.0,262,50,0,1,0.819556308113516,937.2854247255142,926.2580681997442,0.0,1.3814314186610301,363.39504019839205,0.45063296405816233
2.78,100,50,0,5,0.8071184826222164,1707.1636512966468,1667.9718794223159,0.00035948445506633046,1.4298286524215045,445.08628345133803,0.4488181953482754
1.0,100,233,0,10,0.7991669233822718,2239.573785723134,2160.012143056973,0.0,1.4600117486491548,498.9991813246707,0.4485771147781173
2.46,500,50,0,1,0.7845887674882152,2382.9959470128056,2284.2644702162856,0.0,1.5677145128533096,534.6004117659527,0.44841001648417256
3.0,133,50,0,1,0.8398954273265082,3387.0917731197933,3263.5177884770665,7.162397243155743e-05,1.0590063480565093,558.4722355105796,0.4490044263534747
1.0,100,500,0,2,0.8273876006583372,4430.881395300794,4270.916440307839,0.000213492953347645,1.0904122809729864,562.0869362774511,0.448548213899785
3.0,100,307,0,6,0.8455866014898992,4472.082905353454,4303.259115270469,6.943780657590138e-05,0.9426569117801907,576.0320211191553,0.4505242934915661
1.12,470,495,0,7,0.8503426616078806,4474.234470827827,4303.331972382381,0.00014381337795364935,0.9043855322740407,556.2876083043321,0.4524339992117949
1.0,135,311,0,1,0.7890354505793146,3873.698847824394,3750.726982249763,7.14937981267704e-05,1.4334258801000912,559.5114696952184,0.4515297613860101
1.0,100,318,0,10,0.8128407240937131,2838.221437023152,2739.598273872969,0.00022941063556784796,1.310888062282622,523.07252349906,0.45125033782109336
1.0,100,297,0,6,0.8392743816108394,2343.1818181818194,2260.7308377896625,0.0,1.1323411919142352,491.16,0.44995520807883377
2.6,100,430,0,1,0.8021027589051279,2054.606001353951,2011.4226946969984,9.575673299033074e-05,1.4474521254246306,417.72519540781633,0.4504452222687712
2.23,287,112,0,1,0.8112079499330851,956.5882353550187,941.7588133760574,0.0,1.4470581655776167,357.96508660346416,0.45111187804463654
2.46,110,371,0,7,0.8940519542994609,853.0053191489328,845.7998699589475,0.0,0.7909575259673834,297.16,0.4529546372324673
1.0,100,50,0,1,0.8724297731342271,903.9505558686847,895.9505799377207,0.0,0.9605651103993027,305.60326733069326,0.4476439838273375
3.0,500,50,0,1,0.8488035987296294,992.9953917050691,979.181438216697,0.00010870746820306555,1.1436145675624991,367.96000000000004,0.44928796608326993
2.53,414,50,0,2,0.8698556461321982,2059.8436070350776,2020.1022466113282,0.0,0.9051566358208673,440.87400823967045,0.4519143401173905
1.0,207,196,2,1,0.8420509580345219,2293.027907979739,2215.495114159603,0.0001563456526763533,1.1129955436804946,511.6867570702828,0.4484052419778565
3.0,150,139,3,2,0.8587428724191273,2476.0020949720683,2379.214054711559,7.362685907819172e-05,0.9680692286060385,543.28,0.4490502135178914
1.51,100,50,0,10,0.7849600248651929,4089.9477806788395,3984.0166582298602,0.00014402995823131211,1.4508995931983697,555.44,0.4490133947861155
2.96,144,175,0,5,0.8027501481223259,4363.7579206679675,4225.341956009558,0.00021462315009855188,1.2912662394986116,559.0897392417213,0.4509229178873368
1.0,422,500,2,6,0.9033948613423523,4518.767507002799,4368.13821638495,0.00042292239374074856,0.4757650736941085,567.48,0.4487206597589342
1.0,248,50,0,10,0.805438894455649,4344.811256853667,4170.668778383339,0.0002116287352341546,1.2722162523764386,567.6073469637439,0.45107575781501313
1.0,108,500,3,1,0.8507818386069588,4007.659460594793,3889.625741079717,7.283599921839454e-05,0.9303567790900762,549.1789833220014,0.45076479153766347
1.0,500,50,0,10,0.8606381968276816,3411.4077669902963,3318.4017145356897,0.0,0.8905674426610142,521.44,0.44990794722307453
3.0,100,243,0,1,0.8494442374124893,2304.457117930866,2226.2604310313163,0.0,1.0534221824013454,488.91363865445385,0.4534893498268248
1.0,500,430,0,6,0.8383443170625835,1943.459150959783,1903.4008898497636,9.462275642395124e-05,1.1648275499594993,422.714382624695,0.4518357092937151
1.0,463,50,0,1,0.8225531904170698,1002.1616294811632,992.261113049926,0.0002281025572458751,1.3526375134645803,350.7194355640951,0.4506159127158533
1.0,100,50,0,1,0.8204670248052074,639.6868684974739,633.0953410350604,0.0,1.3938377279072565,312.2720643174273,0.45190211571500744
3.0,100,50,0,10,0.8327143176615059,616.2254901960849,609.8937463268751,0.0,1.29741481749052,326.52,0.45118216342031114
1.11,409,500,0,10,0.8041381141603653,952.0390455531453,939.1840606588855,0.0,1.5038543165100104,383.96,0.4499427023648297
2.51,500,50,0,10,0.7772491631656302,1947.2058823529396,1898.0157845534286,0.0,1.6538326391114118,459.88,0.44959554666434726
1.81,108,120,0,10,0.8088419133575724,2273.4507042253526,2183.3341023375124,7.715454054471106e-05,1.380550890506236,518.44,0.44988812591621014
1.0,100,50,0,1,0.7622175187341901,2477.731182795699,2381.5473037025004,0.00021626297577854672,1.7398513746249826,554.88,0.44672722029988465
1.0,100,292,2,9,0.799610918389952,4023.1607629427854,3883.3285813040884,6.975933031042903e-05,1.3394234894115338,573.4,0.44904080920823164
3.0,352,50,4,9,0.8024243381879398,4304.389312977101,4127.016350369239,0.0001366960563187752,1.2992850469389656,585.24,0.4538309069783337
2.18,100,50,0,1,0.7705051953174817,4432.82625090074,4269.185803500453,0.00013676248789234574,1.545617844004322,584.9674226969079,0.45418484418946725
2.33,100,68,0,1,0.765109166900292,4306.872365303978,4143.214813900308,0.0,1.5974570921575209,574.751616005221,0.45131878728548114
3.0,379,50,0,1,0.7740956935617413,2929.7337278106643,2785.2422023869353,0.0,1.616735253832815,556.84,0.45133251921557355
1.0,100,357,1,4,0.774590906666557,2386.8803701255765,2289.96876203186,0.0,1.6473777755956296,533.44,0.4538092381523695
1.0,100,500,0,7,0.7918870163364582,2254.0904515646957,2167.065561484136,0.00016227314430092052,1.5172074559181048,493.00579223168927,0.44949287411105604
2.12,100,85,0,2,0.8447053320653993,2018.778803054534,1975.8755612846835,0.0,1.1092021979988314,413.5096436142555,0.45144128914458287
2.81,112,500,0,1,0.8284430816846751,926.0249803726138,913.6452129669797,0.00011188056592277375,1.310909245612767,357.5241121644866,0.4515551644810356
1.62,100,66,5,9,0.8583590038151317,730.8731137592201,724.6302897420468,0.00025637892759349185,1.0840984315070508,312.044366574663,0.45160878635951496
2.86,100,50,0,8,0.9077539913807956,702.9323308270677,695.5335769329868,0.00024813895781637717,0.690856260779334,322.4,0.4507444168734491
1.0,100,458,2,3,0.8020059015332087,974.0597013710553,958.1980412824731,0.00020705962205227172,1.5191300770684413,386.3544194232231,0.44963246844616306
1.25,500,500,0,3,0.7901905569043197,1982.7800264136595,1941.2577046827696,0.0,1.5476742870622282,459.9073610111191,0.4488606922907955
1.53,100,440,0,10,0.7981207379013457,2313.996430667903,2236.8443202666963,7.917876318901641e-05,1.463181047565037,505.20617464698586,0.4503562599358857
1.94,100,61,5,10,0.794944493347684,2442.7292249579596,2345.9029937849914,0.0,1.4808229792604293,541.5187941685741,0.4468901579405293
1.0,100,50,0,2,0.8081757388051691,4049.3834164585114,3929.5946570622327,0.0001437880846962952,1.2683405776052292,556.374334973399,0.4463297500388603
1.0,100,262,0,4,0.784341827085894,4374.734758130643,4210.565001542236,0.00014048004333884777,1.4388077645704074,569.4872962918516,0.4498138676653716
1.36,100,226,0,1,0.8103526050433304,4238.081695966915,4051.3066959669145,0.00013663068725235688,1.240592951881058,586.28,0.45101789862003006
1.0,100,275,0,1,0.7830857120020245,4436.256117455132,4291.836762616423,7.170514842965724e-05,1.444234464351227,557.84,0.45174243510684065
